timestamp,cpu_usage,memory_usage,disk_io,network_latency,error_rate
2025-12-01 00:00,22,41,110,12,0.000
2025-12-01 01:00,23,42,112,13,0.000
2025-12-01 02:00,24,44,115,14,0.000
2025-12-01 03:00,26,45,118,15,0.001
2025-12-01 04:00,28,47,120,16,0.001
2025-12-01 05:00,30,49,123,18,0.002
2025-12-01 06:00,35,52,130,20,0.003
2025-12-01 07:00,40,55,138,24,0.004
2025-12-01 08:00,45,58,145,28,0.005
2025-12-01 09:00,50,62,150,32,0.006
2025-12-01 10:00,55,65,155,36,0.008
2025-12-01 11:00,60,68,160,40,0.010
2025-12-01 12:00,62,70,162,42,0.012
2025-12-01 13:00,58,67,158,38,0.009
2025-12-01 14:00,54,64,152,34,0.007
2025-12-01 15:00,50,60,148,30,0.006
2025-12-01 16:00,48,58,145,28,0.005
2025-12-01 17:00,46,56,142,26,0.004
2025-12-01 18:00,44,54,140,25,0.004
2025-12-01 19:00,42,52,138,24,0.003
2025-12-01 20:00,40,50,135,22,0.003
2025-12-01 21:00,38,48,132,21,0.002
2025-12-01 22:00,35,46,128,20,0.002
2025-12-01 23:00,32,44,125,18,0.001

2025-12-02 00:00,30,43,122,17,0.001
2025-12-02 01:00,31,45,125,18,0.001
2025-12-02 02:00,33,47,128,20,0.002
2025-12-02 03:00,36,50,132,22,0.003
2025-12-02 04:00,40,54,138,26,0.004
2025-12-02 05:00,45,58,145,30,0.006
2025-12-02 06:00,52,63,152,35,0.009
2025-12-02 07:00,58,68,158,40,0.012
2025-12-02 08:00,65,72,165,48,0.020
2025-12-02 09:00,72,78,172,55,0.030
2025-12-02 10:00,78,82,180,62,0.045
2025-12-02 11:00,82,86,188,68,0.060
2025-12-02 12:00,85,90,195,72,0.080
2025-12-02 13:00,80,88,190,68,0.060
2025-12-02 14:00,75,84,182,60,0.040
2025-12-02 15:00,68,78,175,52,0.025
2025-12-02 16:00,62,72,168,46,0.015
2025-12-02 17:00,58,68,162,42,0.010
2025-12-02 18:00,55,65,158,38,0.008
2025-12-02 19:00,52,62,155,35,0.006
2025-12-02 20:00,48,58,150,32,0.005
2025-12-02 21:00,45,55,145,30,0.004
2025-12-02 22:00,42,52,140,28,0.003
2025-12-02 23:00,38,48,135,26,0.002
2025-12-23 23:16:42.564477,41.0,89.8,297152.612352,71.885116,0
2025-12-23 23:16:45.620733,37.8,90.1,297250.684416,71.886594,0
2025-12-23 23:16:48.650531,40.1,91.3,297275.247616,71.905815,0
2025-12-23 23:16:51.674944,12.0,91.6,297290.718208,71.907577,0
2025-12-23 23:16:54.698973,20.7,91.6,297316.158464,71.919802,0
2025-12-23 23:16:57.724628,25.0,91.6,297369.071616,71.933379,0
2025-12-23 23:17:00.746944,12.4,91.1,297514.99008,71.961372,0
2025-12-23 23:17:03.771197,32.2,91.7,297522.330112,71.961668,0
2025-12-23 23:17:06.794629,35.9,92.8,297562.450432,71.962112,0
2025-12-23 23:17:09.822912,34.5,91.7,297570.1248,71.962355,0
2025-12-23 23:17:12.846483,12.4,91.9,297581.667328,71.964949,0
2025-12-23 23:17:15.870739,10.1,92.0,297587.70176,71.977321,0
2025-12-23 23:17:18.895563,36.5,92.4,297643.742208,72.004727,0
2025-12-23 23:17:21.916250,29.4,90.3,297648.7808,72.005077,0
2025-12-23 23:17:24.943009,14.7,90.6,297659.243008,72.013724,0
2025-12-23 23:17:27.961107,20.1,90.7,297663.327232,72.013892,0
2025-12-23 23:17:30.978859,25.2,91.3,297677.577216,72.022708,0
2025-12-23 23:17:34.006471,14.6,91.4,297684.301312,72.02328,0
2025-12-23 23:17:37.030876,19.4,91.6,297698.338304,72.024102,0
2025-12-23 23:17:40.056490,29.5,92.2,297707.083264,72.02427,0
2025-12-23 23:17:43.079281,25.8,93.5,297825.767936,72.024797,0
2025-12-23 23:17:46.089015,32.7,89.9,297878.979072,72.035364,0
2025-12-23 23:17:49.114789,49.6,87.6,297922.900992,72.035817,0
2025-12-23 23:17:52.133680,33.5,88.8,297942.898688,72.054864,0
2025-12-23 23:17:55.159005,44.2,88.9,297961.32864,72.055818,0
2025-12-23 23:17:58.170789,25.8,88.6,297974.07488,72.058737,0
2025-12-23 23:18:01.195083,21.2,88.4,297988.411904,72.062375,0
2025-12-23 23:18:04.221664,28.4,88.5,297998.884864,72.062543,0
2025-12-23 23:18:07.239887,48.9,88.5,298008.072192,72.063073,0
2025-12-23 23:18:10.269688,86.5,91.6,298121.45408,72.063601,0
2025-12-23 23:18:13.351878,79.5,92.5,298276.042752,72.083886,0
2025-12-23 23:18:16.382165,65.5,91.4,298373.779968,72.101533,0
2025-12-23 23:18:19.404587,61.8,91.3,298383.080448,72.119196,0
2025-12-23 23:18:22.421514,73.7,93.3,298423.478784,72.13032,0
2025-12-23 23:18:25.486699,63.1,89.0,298462.484992,72.165105,0
2025-12-23 23:18:28.500721,41.8,86.9,298486.079488,72.197083,0
2025-12-23 23:18:31.531490,31.4,87.4,298527.22688,72.200921,0
2025-12-23 23:18:34.562289,15.1,87.1,298530.171392,72.201089,0
2025-12-23 23:18:37.586784,37.0,87.1,298547.472384,72.227122,0
2025-12-23 23:18:40.612399,49.8,87.2,298550.888448,72.238888,0
2025-12-23 23:18:43.642295,13.4,87.1,298572.393984,72.239617,0
2025-12-23 23:18:46.665312,53.4,87.6,298614.795776,72.262674,0
2025-12-23 23:18:49.697024,31.1,89.9,298792.529408,72.268028,0
2025-12-23 23:18:52.830164,29.0,86.8,298795.269632,72.268522,0
2025-12-23 23:18:55.849976,17.8,86.8,298796.803072,72.26927,0
2025-12-23 23:18:58.877181,22.2,86.3,298798.04416,72.272533,0
2025-12-23 23:19:01.911396,40.4,86.6,298824.551936,72.275497,0
2025-12-23 23:19:04.941094,58.3,86.7,298832.436224,72.275909,0
2025-12-23 23:19:07.970416,56.4,90.5,298878.087168,72.276663,0
2025-12-23 23:19:10.999734,53.1,90.4,298891.395072,72.282658,0
2025-12-23 23:19:14.010167,18.0,90.7,298899.92448,72.289149,0
2025-12-23 23:19:17.044905,58.9,92.2,298982.88128,72.327243,0
2025-12-23 23:19:20.065820,17.8,89.9,298986.945024,72.342758,0
2025-12-23 23:19:23.096524,35.9,91.0,299005.368832,72.343408,0
2025-12-23 23:19:26.115583,42.7,91.2,299012.736512,72.367644,0
2025-12-23 23:19:29.135190,46.5,90.9,299037.80352,72.382299,0
2025-12-23 23:19:32.174152,74.3,92.3,299090.553344,72.424556,0
2025-12-23 23:19:35.186047,33.0,92.9,299114.612736,72.44869,0
2025-12-23 23:19:38.198768,30.9,89.0,299121.240064,72.470245,0
2025-12-23 23:19:41.226733,23.6,88.9,299122.501632,72.472127,0
2025-12-23 23:19:44.257060,17.4,89.1,299130.544128,72.474723,0
2025-12-23 23:19:47.279651,15.8,89.3,299139.0208,72.482125,0
2025-12-23 23:19:50.307883,63.4,89.5,299151.63648,72.500273,0
2025-12-23 23:19:53.330048,13.8,89.5,299158.808576,72.501034,0
2025-12-23 23:19:56.355567,38.4,89.4,299180.331008,72.510217,0
2025-12-23 23:19:59.393459,61.3,93.2,299726.053376,72.517355,0
2025-12-23 23:20:02.411223,66.2,93.7,300100.898304,72.530162,0
2025-12-23 23:20:05.440976,69.7,87.9,300188.86656,72.5305,0
2025-12-23 23:20:08.463817,46.4,86.3,300242.491392,72.536446,0
2025-12-23 23:20:11.483285,91.0,89.1,300426.085888,72.541885,0
2025-12-23 23:20:14.547527,87.5,91.9,300671.84128,72.542108,0
2025-12-23 23:20:17.559847,40.2,90.4,300958.67392,72.554649,0
2025-12-23 23:20:20.580832,57.4,92.1,301517.210624,72.584585,0
2025-12-23 23:20:23.600674,44.3,85.4,301550.47424,72.585429,0
2025-12-23 23:20:26.629475,45.1,83.2,301585.397248,72.585694,0
2025-12-23 23:20:29.656004,45.8,83.0,301615.862784,72.586342,0
2025-12-23 23:20:32.681632,41.1,83.5,301632.939008,72.587814,0
2025-12-23 23:20:35.701543,14.3,83.8,301681.137664,72.590962,0
2025-12-23 23:20:38.725010,25.3,83.9,301688.461312,72.591535,0
2025-12-23 23:20:41.753267,35.3,84.5,301730.909184,72.601118,0
2025-12-23 23:20:44.777864,22.0,85.1,301757.924352,72.61754,0
2025-12-23 23:20:47.807589,16.2,85.1,301765.829632,72.61937,0
2025-12-23 23:20:50.831316,51.5,87.2,301950.235648,72.662654,0
2025-12-23 23:20:53.849986,60.7,85.6,302039.939072,72.664935,0
2025-12-23 23:20:56.876041,46.6,86.6,302163.863552,72.674054,0
2025-12-23 23:20:59.902021,34.1,87.6,302214.377472,72.675952,0
2025-12-23 23:21:02.919244,38.3,87.0,302252.975104,72.679189,0
2025-12-23 23:21:05.938883,34.8,87.6,302289.961472,72.6809,0
2025-12-23 23:21:08.959693,41.1,87.3,302295.62624,72.684837,0
2025-12-23 23:21:11.982047,63.4,87.4,302316.306944,72.693206,0
2025-12-23 23:21:15.002204,62.9,89.9,302390.974464,72.705473,0
2025-12-23 23:21:18.021129,63.9,91.6,302656.553472,72.740653,0
2025-12-23 23:21:21.039837,47.9,92.9,302720.164864,72.776721,0
2025-12-23 23:21:24.058423,49.4,93.6,302776.48896,72.839523,0
2025-12-23 23:21:27.078865,43.4,93.5,302833.79968,72.857494,0
2025-12-23 23:21:30.095932,34.4,93.8,302850.761216,72.859209,0
2025-12-23 23:21:33.111609,51.8,84.1,302859.23584,72.860664,0
2025-12-23 23:21:36.126094,53.5,84.7,302873.288704,72.930593,0
2025-12-23 23:21:39.141690,12.0,84.8,302877.024256,72.939332,0
2025-12-23 23:21:42.165425,29.9,85.5,302887.91552,72.950976,0
2025-12-23 23:21:45.186638,17.7,85.8,302889.84064,72.953586,0
2025-12-23 23:21:48.203772,39.9,86.2,302895.837184,72.965086,0
2025-12-23 23:21:51.230189,42.3,85.4,302902.287872,72.97998,0
2025-12-23 23:21:54.253251,10.0,85.9,302941.652992,72.994997,0
2025-12-23 23:21:57.278116,19.5,86.1,302944.946176,72.995614,0
2025-12-23 23:22:00.303052,33.0,86.5,302976.92672,72.995952,0
2025-12-23 23:22:03.325469,41.2,85.4,303017.504256,72.99624,0
2025-12-23 23:22:06.350741,26.8,86.0,303030.891008,73.012486,0
2025-12-23 23:22:09.374479,50.4,86.0,303040.862208,73.013255,0
2025-12-23 23:22:12.398171,14.8,86.3,303045.634048,73.014308,0
2025-12-23 23:22:15.421982,27.8,86.6,303052.420608,73.024266,0
2025-12-23 23:22:18.442990,60.9,88.2,303079.752192,73.060174,0
2025-12-23 23:22:21.457973,47.0,89.7,303103.640064,73.101103,0
2025-12-23 23:22:24.508483,77.4,90.7,303174.511616,73.123204,0
2025-12-23 23:22:27.586757,83.6,88.8,303203.084288,73.126157,0
2025-12-23 23:22:30.610435,49.0,87.6,303210.551296,73.130502,0
2025-12-23 23:22:33.646080,58.6,88.3,303252.344832,73.151933,0
2025-12-23 23:22:36.665701,36.4,88.4,303255.317504,73.153539,0
2025-12-23 23:22:39.687117,32.4,88.5,303265.64352,73.154608,0
2025-12-23 23:22:42.714383,47.3,89.2,303342.843392,73.157417,0
2025-12-23 23:22:45.735896,65.6,90.9,303839.528448,73.193115,0
2025-12-23 23:22:48.760951,47.3,88.4,303879.907328,73.205705,0
2025-12-23 23:22:51.780975,47.7,89.5,303976.982528,73.207608,0
2025-12-23 23:22:54.798964,28.1,90.1,303999.177728,73.21325,0
2025-12-23 23:22:57.825802,45.0,91.0,304015.953408,73.21668,0
2025-12-23 23:23:00.855404,62.5,90.1,304021.3888,73.221876,0
2025-12-23 23:23:03.894417,72.1,91.8,304036.726784,73.229846,0
2025-12-23 23:23:06.909019,47.3,92.1,304054.21056,73.231107,0
2025-12-23 23:23:09.924817,57.4,92.5,304072.995328,73.313664,0
2025-12-23 23:23:12.942252,34.0,92.4,304082.958848,73.324853,0
2025-12-23 23:23:15.958070,20.7,91.9,304103.271424,73.337779,0
2025-12-23 23:23:18.999238,26.6,90.7,304114.19136,73.338964,0
2025-12-23 23:23:22.126267,25.9,90.4,304123.567104,73.341129,0
2025-12-23 23:23:25.179895,59.4,91.6,304143.014912,73.367168,0
2025-12-23 23:23:28.200532,28.1,92.9,304306.784256,73.377949,0
2025-12-23 23:23:31.228167,44.2,90.2,304334.770176,73.380217,0
2025-12-23 23:23:34.267822,54.8,89.4,304346.1632,73.380501,0
2025-12-23 23:23:37.477906,29.6,89.3,304348.952576,73.380799,0
2025-12-23 23:23:40.493155,30.2,89.3,304369.144832,73.427672,0
2025-12-23 23:23:43.515866,39.1,89.3,304385.16992,73.428244,0
2025-12-23 23:23:46.533454,63.4,92.1,304980.057088,73.428528,0
2025-12-23 23:23:49.557992,100.0,94.4,305185.667584,73.436429,0
2025-12-23 23:23:53.625682,100.0,90.6,305633.738752,73.474021,0
2025-12-23 23:23:57.232754,100.0,90.9,305876.666368,73.530921,0
2025-12-23 23:24:00.446063,99.6,91.8,306030.99136,73.553543,0
2025-12-23 23:24:03.514961,97.4,92.3,306062.834176,73.560439,0
2025-12-23 23:24:06.598845,99.2,92.6,306100.69504,73.560723,0
2025-12-23 23:24:09.658588,31.9,88.6,306125.44,73.592991,0
2025-12-23 23:24:12.683472,19.8,87.1,306184.386048,73.611603,0
2025-12-23 23:24:15.701949,47.3,87.0,306193.458688,73.61314,0
2025-12-23 23:24:18.728736,39.6,88.3,306251.22048,73.618805,0
2025-12-23 23:24:21.751676,26.3,86.9,306264.83968,73.624065,0
2025-12-23 23:24:24.777070,61.2,88.3,306297.585152,73.627868,0
2025-12-23 23:24:27.793743,67.6,92.9,306431.88224,73.631812,0
2025-12-23 23:24:30.810134,34.1,88.7,306567.76192,73.632178,0
2025-12-23 23:24:33.836642,20.5,89.9,306716.725248,73.632456,0
2025-12-23 23:24:36.860457,27.4,90.9,306822.868992,73.635447,0
2025-12-23 23:24:39.891625,36.2,90.3,306983.23968,73.641042,0
2025-12-23 23:24:42.910697,44.9,91.5,307354.04032,73.680945,0
2025-12-23 23:24:45.932415,12.8,92.0,307439.81824,73.683356,0
2025-12-23 23:24:48.950872,45.4,92.1,307491.966976,73.68504,0
2025-12-23 23:24:51.984892,23.8,92.5,307516.87168,73.688624,0
2025-12-23 23:24:55.008352,52.7,90.0,307568.981504,73.690818,0
2025-12-23 23:24:58.032572,39.6,90.5,307591.300608,73.699807,0
2025-12-23 23:25:01.059013,17.4,91.0,307602.613248,73.700145,0
2025-12-23 23:25:04.085098,15.5,91.8,307639.486976,73.70066,0
2025-12-23 23:25:07.107724,34.6,92.7,307658.340352,73.703259,0
2025-12-23 23:25:10.129008,4.3,92.7,307672.0384,73.706941,0
2025-12-23 23:25:13.154746,28.0,93.1,307708.607488,73.709353,0
2025-12-23 23:25:16.179682,20.8,92.6,307740.49536,73.710451,0
2025-12-23 23:25:19.209748,37.7,90.3,307795.611136,73.710789,0
2025-12-23 23:25:22.283850,49.2,91.8,308076.217344,73.711012,0
2025-12-23 23:25:25.306703,64.3,91.0,308315.18464,73.751865,0
2025-12-23 23:25:28.323309,50.2,91.0,308395.995136,73.763366,0
2025-12-23 23:25:31.342774,54.0,89.3,308470.303232,73.79871,0
2025-12-23 23:25:34.359219,67.9,90.8,308921.32864,73.835496,0
2025-12-23 23:25:37.375253,39.5,91.1,308943.839232,73.836859,0
2025-12-23 23:25:40.391181,34.1,91.5,308960.878592,73.845206,0
2025-12-23 23:25:43.405906,46.9,92.0,309054.728704,73.846772,0
2025-12-23 23:25:46.422285,46.9,92.8,309083.13088,73.914192,0
2025-12-23 23:25:49.441176,71.8,92.1,309616.988672,73.914733,0
2025-12-23 23:25:52.463041,28.7,89.4,309683.270144,73.945818,0
2025-12-23 23:25:55.481829,21.8,88.6,309873.688064,73.974073,0
2025-12-23 23:25:58.508118,34.2,93.3,310110.630912,73.974414,0
2025-12-23 23:26:01.545221,47.3,90.3,310185.145856,73.974871,0
2025-12-23 23:26:04.573677,41.9,87.9,310228.954624,73.97504,0
2025-12-23 23:26:07.590780,31.7,88.3,310380.807168,73.987133,0
2025-12-23 23:26:10.612872,18.8,88.5,310406.800896,73.990039,0
2025-12-23 23:26:13.630145,23.1,88.6,310418.65984,73.995785,0
2025-12-23 23:26:16.674187,37.0,89.0,310446.660096,74.015815,0
2025-12-23 23:26:19.695861,36.9,87.7,310448.66304,74.019193,0
2025-12-23 23:26:22.725963,17.6,88.5,310458.787328,74.026061,0
2025-12-23 23:26:25.756473,42.3,90.4,310559.707648,74.038123,0
2025-12-23 23:26:28.778429,21.9,90.9,310612.51328,74.038292,0
2025-12-23 23:26:31.808069,22.1,91.0,310629.093376,74.038684,0
2025-12-23 23:26:34.834036,33.5,91.6,310646.05952,74.039043,0
2025-12-23 23:26:37.862271,34.5,92.4,310716.883456,74.039381,0
2025-12-23 23:26:40.887220,40.2,88.5,311035.436544,74.048002,0
2025-12-23 23:26:43.911799,42.9,88.6,311051.945472,74.048481,0
2025-12-23 23:26:46.934895,26.2,88.7,311056.774656,74.049505,0
2025-12-23 23:26:49.958174,27.2,90.3,311099.515904,74.062477,0
2025-12-23 23:26:52.972180,38.0,90.7,311129.156608,74.078188,0
2025-12-23 23:26:55.993610,42.8,90.6,311136.61952,74.08951,0
2025-12-23 23:26:59.014300,43.7,90.6,311143.194112,74.090407,0
2025-12-23 23:27:02.051155,53.5,92.3,311151.683072,74.126715,0
2025-12-23 23:27:05.071545,39.5,92.9,311188.664832,74.183877,0
2025-12-23 23:27:08.084392,33.2,93.1,311195.542528,74.187497,0
2025-12-23 23:27:11.100545,38.6,92.7,311204.0704,74.188636,0
2025-12-23 23:27:14.113987,31.4,92.8,311240.774656,74.194857,0
2025-12-23 23:27:17.129505,33.5,92.9,311252.513792,74.1965,0
2025-12-23 23:27:20.142901,38.4,94.1,311374.526464,74.197922,0
2025-12-23 23:27:23.159954,32.6,94.4,311376.709632,74.199685,0
2025-12-23 23:27:26.176960,78.5,91.0,311387.149312,74.201137,0
2025-12-23 23:27:29.190754,44.3,88.7,311392.26112,74.207741,0
2025-12-23 23:27:32.202009,32.8,90.0,311404.535808,74.209301,0
2025-12-23 23:27:35.214715,55.8,91.3,311417.185792,74.219391,0
2025-12-23 23:27:38.230092,58.6,92.3,311428.904448,74.2208,0
2025-12-23 23:27:41.244561,39.4,93.5,311505.96096,74.222292,0
2025-12-23 23:27:44.260804,71.1,93.6,311574.928896,74.24116,0
2025-12-23 23:27:47.278159,35.5,91.8,311631.808,74.249075,0
2025-12-23 23:27:50.292697,38.3,92.1,311651.369984,74.252072,0
2025-12-23 23:27:53.307577,43.8,92.6,311682.309632,74.262037,0
2025-12-23 23:27:56.321970,10.9,92.5,311719.564288,74.321141,0
2025-12-23 23:27:59.348399,37.4,92.8,311736.49664,74.330377,0
2025-12-23 23:28:02.373143,70.2,93.4,311806.426112,74.361209,0
2025-12-23 23:28:05.384046,51.3,89.8,311846.749696,74.37594,0
2025-12-23 23:28:08.658880,93.9,92.2,312024.25856,74.401978,0
2025-12-23 23:28:11.784328,63.4,95.1,312259.559424,74.461683,0
2025-12-23 23:28:14.977132,50.8,91.9,312591.399424,74.472189,0
2025-12-23 23:28:18.002690,34.2,92.5,312957.977088,74.479538,0
2025-12-23 23:28:21.015630,57.0,93.4,313046.973952,74.481909,0
2025-12-23 23:28:24.080199,35.6,93.9,313132.143616,74.499635,0
2025-12-23 23:28:27.098025,42.6,88.9,313222.140928,74.517291,0
2025-12-23 23:28:30.123369,34.2,89.6,313269.9776,74.525628,0
2025-12-23 23:28:33.153308,28.4,90.0,313294.537216,74.532155,0
2025-12-23 23:28:36.176612,43.7,89.6,313307.126784,74.536769,0
2025-12-23 23:28:39.195026,39.1,91.0,313400.627712,74.543394,0
2025-12-23 23:28:42.213421,77.8,94.2,313510.119424,74.547459,0
2025-12-23 23:28:45.233001,62.3,92.3,313581.848576,74.547978,0
2025-12-23 23:28:48.266170,13.1,88.5,313590.667264,74.552545,0
2025-12-23 23:28:51.291198,16.6,88.4,313597.421568,74.552897,0
2025-12-23 23:28:54.337599,49.2,89.5,313608.921088,74.554771,0
2025-12-23 23:28:57.355371,31.0,90.8,313714.630656,74.558846,0
2025-12-23 23:29:00.379734,39.5,91.2,313738.964992,74.561186,0
2025-12-23 23:29:03.403043,28.8,92.1,313783.46752,74.566203,0
2025-12-23 23:29:06.428995,52.3,93.2,313810.604544,74.566487,0
2025-12-23 23:29:09.460780,52.3,95.0,313967.187968,74.58092,0
2025-12-23 23:29:12.636965,46.7,84.8,314015.376896,74.582039,0
2025-12-23 23:29:15.668217,37.3,85.1,314058.656768,74.594007,0
2025-12-23 23:29:18.688583,31.7,85.7,314100.75904,74.594718,0
2025-12-23 23:29:21.713953,16.6,85.8,314110.276608,74.604569,0
2025-12-23 23:29:24.748499,36.5,85.5,314117.435392,74.614516,0
2025-12-23 23:29:27.786530,41.4,85.4,314125.234176,74.615218,0
2025-12-23 23:29:30.810322,35.4,84.6,314138.836992,74.625343,0
2025-12-23 23:29:33.835181,63.6,85.6,314164.196864,74.653771,0
2025-12-23 23:29:36.849892,55.7,88.2,314247.104,74.674028,0
2025-12-23 23:29:39.883101,51.7,87.3,314275.767808,74.722174,0
2025-12-23 23:29:42.992687,57.5,91.4,314552.019456,74.748531,0
2025-12-23 23:29:46.008808,39.1,92.5,314656.961536,74.751423,0
2025-12-23 23:29:49.019873,41.3,93.8,314721.290752,74.810652,0
2025-12-23 23:29:52.033115,46.9,92.6,314752.668672,74.838538,0
2025-12-23 23:29:55.053332,54.8,90.7,314829.435392,74.868186,0
2025-12-23 23:29:58.062199,55.2,91.0,314986.316288,74.868947,0
2025-12-23 23:30:01.072600,46.4,89.1,315034.578944,74.892926,0
2025-12-23 23:30:04.095702,29.9,88.8,315121.122304,74.903975,0
2025-12-23 23:30:07.111128,75.8,93.1,315273.340928,74.904635,0
2025-12-23 23:30:10.176056,53.5,92.1,315802.336768,74.917291,0
2025-12-23 23:30:13.346307,37.7,88.3,315889.44128,74.917776,0
2025-12-23 23:30:16.355024,35.4,88.1,315975.07072,74.923195,0
2025-12-23 23:30:19.385273,50.4,88.3,316032.475648,74.923561,0
2025-12-23 23:30:22.441837,91.5,92.9,316178.696192,74.923994,0
2025-12-23 23:30:25.465344,85.1,94.0,316209.556992,74.924373,0
2025-12-23 23:30:28.486090,72.2,89.2,316277.965824,74.939444,0
2025-12-23 23:30:31.518044,42.4,85.9,316398.467072,74.939753,0
2025-12-23 23:30:34.534164,30.1,85.1,316490.109952,74.940197,0
2025-12-23 23:30:37.570512,36.5,87.2,316861.707264,74.951032,0
2025-12-23 23:30:40.601604,62.6,85.5,316902.396416,74.990719,0
2025-12-23 23:30:43.783978,55.7,88.1,316933.17632,75.002577,0
2025-12-23 23:30:46.799975,45.0,89.7,317024.7168,75.050439,0
2025-12-23 23:30:49.815601,34.5,90.7,317062.951424,75.05193,0
2025-12-23 23:30:52.828347,34.1,91.4,317093.892608,75.053307,0
2025-12-23 23:30:55.843503,34.2,91.7,317134.630912,75.055291,0
2025-12-23 23:30:58.860398,38.2,92.5,317307.949056,75.057035,0
2025-12-23 23:31:01.875751,45.3,93.6,317325.156352,75.058484,0
2025-12-23 23:31:04.891793,34.2,94.2,317332.721152,75.059894,0
2025-12-23 23:31:07.902920,35.8,94.3,317355.429376,75.066762,0
2025-12-23 23:31:10.914190,52.3,87.7,317374.452736,75.068593,0
2025-12-23 23:31:13.926869,34.6,88.7,317400.845824,75.07039,0
2025-12-23 23:31:16.941880,36.8,89.8,317408.112128,75.08028,0
2025-12-23 23:31:19.955433,35.2,90.6,317417.32608,75.082466,0
2025-12-23 23:31:22.968910,37.5,91.6,317432.535552,75.1054,0
2025-12-23 23:31:25.987344,58.4,92.3,317651.510272,75.113039,0
2025-12-23 23:31:29.001314,61.1,87.2,317702.431232,75.114653,0
2025-12-23 23:31:32.016162,57.0,88.9,317754.42688,75.116132,0
2025-12-23 23:31:35.030621,32.7,89.0,317765.36064,75.117575,0
2025-12-23 23:31:38.044309,58.2,90.7,317826.4576,75.183383,0
2025-12-23 23:31:41.078878,46.3,91.8,318252.480512,75.191216,0
2025-12-23 23:31:44.093189,7.0,87.2,318264.856064,75.200757,0
2025-12-23 23:31:47.117905,45.9,88.0,318286.46656,75.204752,0
2025-12-23 23:31:50.141240,30.3,88.4,318311.40864,75.205267,0
2025-12-23 23:31:53.177165,28.5,88.8,318364.441088,75.219053,0
2025-12-23 23:31:56.197130,66.5,93.9,318665.407488,75.249721,0
2025-12-23 23:31:59.215005,71.7,88.6,318712.862208,75.259679,0
2025-12-23 23:32:02.227444,70.6,94.9,319129.906688,75.260107,0
2025-12-23 23:32:05.427218,100.0,92.9,319945.185792,75.335815,0
2025-12-23 23:32:08.608530,100.0,94.5,320359.015424,75.363251,0
2025-12-23 23:32:11.681755,84.2,91.7,321009.521664,75.375287,0
2025-12-23 23:32:14.698537,45.4,87.5,321065.814016,75.391403,0
2025-12-23 23:32:17.714344,37.7,84.5,321159.752704,75.401335,0
2025-12-23 23:32:20.739411,26.0,85.6,321251.515392,75.42704,0
2025-12-23 23:32:23.758321,10.9,85.9,321292.70016,75.427981,0
2025-12-23 23:32:26.788717,43.7,87.8,321358.680064,75.42815,0
2025-12-23 23:32:29.806187,52.9,88.5,321638.673408,75.442091,0
2025-12-23 23:32:32.829628,46.5,88.4,321679.23456,75.446894,0
2025-12-23 23:32:35.848336,11.6,86.0,321734.875648,75.451607,0
2025-12-23 23:32:38.874474,69.0,88.2,321830.181376,75.456861,0
2025-12-23 23:32:41.917657,73.5,90.4,322130.815488,75.464591,0
2025-12-23 23:32:45.000254,69.0,92.0,322401.293312,75.47412,0
2025-12-23 23:32:48.019145,38.0,92.7,322554.960384,75.487373,0
2025-12-23 23:32:51.058989,33.0,93.8,322654.541824,75.487743,0
2025-12-23 23:32:54.082810,49.0,92.0,322824.788992,75.489098,0
2025-12-23 23:32:57.097887,64.2,93.5,322949.953024,75.508012,0
2025-12-23 23:33:00.113500,62.1,90.0,323055.473152,75.535385,0
2025-12-23 23:33:03.131568,41.9,88.2,323163.369984,75.538476,0
2025-12-23 23:33:06.151924,35.0,86.9,323203.61472,75.538854,0
2025-12-23 23:33:09.175260,34.7,86.6,323227.247616,75.542276,0
2025-12-23 23:33:12.199782,43.0,87.6,323297.73824,75.542499,0
2025-12-23 23:33:15.212588,45.7,87.8,323323.70176,75.544648,0
2025-12-23 23:33:18.237231,67.2,90.9,323647.799808,75.548895,0
2025-12-23 23:33:21.252773,63.2,91.9,323898.993664,75.567787,0
2025-12-23 23:33:24.269452,51.7,92.3,323995.838464,75.575119,0
2025-12-23 23:33:27.283604,50.2,89.3,324045.789184,75.576622,0
2025-12-23 23:33:30.297748,43.8,89.2,324052.580352,75.582701,0
2025-12-23 23:33:33.309899,32.8,89.6,324096.705024,75.589311,0
2025-12-23 23:33:36.333691,34.7,90.1,324158.369792,75.591651,0
2025-12-23 23:33:39.350180,50.2,90.9,324236.301312,75.611335,0
2025-12-23 23:33:42.372135,59.0,91.1,324249.32864,75.614106,0
2025-12-23 23:33:45.399062,36.8,91.0,324265.276928,75.615227,0
2025-12-23 23:33:48.427885,56.1,93.6,324514.133504,75.616034,0
2025-12-23 23:33:51.450661,39.2,87.6,324623.670272,75.621791,0
2025-12-23 23:33:54.475561,47.3,87.7,324637.211648,75.628871,0
2025-12-23 23:33:57.505779,30.4,89.6,324674.960384,75.629796,0
2025-12-23 23:34:00.530786,27.0,89.9,324695.197184,75.63812,0
2025-12-23 23:34:03.554868,26.0,90.0,324702.684672,75.641555,0
2025-12-23 23:34:06.581230,31.4,92.2,324849.424384,75.666972,0
2025-12-23 23:34:09.597069,37.0,92.1,324864.21504,75.670386,0
2025-12-23 23:34:12.624627,35.9,92.1,324876.114944,75.731834,0
2025-12-23 23:34:15.652371,34.6,92.4,324909.100032,75.747968,0
2025-12-23 23:34:18.707344,28.7,92.6,324913.814528,75.748779,0
2025-12-23 23:34:21.739501,24.1,92.7,324917.627904,75.750511,0
2025-12-23 23:34:24.761825,25.9,92.6,324924.653056,75.768041,0
2025-12-23 23:34:27.787167,31.7,92.7,324928.43008,75.773161,0
2025-12-23 23:34:30.819552,35.2,92.7,324942.925312,75.774235,0
2025-12-23 23:34:33.844965,58.3,93.0,324955.147776,75.777152,0
2025-12-23 23:34:36.875373,33.5,93.0,324961.68704,75.77874,0
2025-12-23 23:34:39.901406,35.3,93.0,324969.186816,75.780588,0
2025-12-23 23:34:42.926870,34.7,93.1,324971.643392,75.782056,0
2025-12-23 23:34:45.960668,34.2,93.4,325005.999104,75.823133,0
2025-12-23 23:34:48.974850,39.7,93.4,325020.307456,75.836729,0
2025-12-23 23:34:51.994820,36.0,93.7,325036.879872,75.839391,0
2025-12-23 23:34:55.016977,34.7,93.7,325042.313216,75.842393,0
2025-12-23 23:34:58.040660,37.7,93.7,325048.080384,75.846074,0
2025-12-23 23:35:01.076639,45.5,93.8,325050.365952,75.851603,0
2025-12-23 23:35:04.097367,36.2,93.8,325054.281728,75.854871,0
2025-12-23 23:35:07.118719,44.8,93.8,325056.280576,75.85774,0
2025-12-23 23:35:10.232091,42.9,93.9,325062.594048,75.860695,0
2025-12-23 23:35:13.249899,42.5,93.9,325076.233728,75.863818,0
2025-12-23 23:35:16.290682,51.1,94.4,325081.188864,75.872956,0
2025-12-23 23:35:19.311373,45.1,94.8,325085.830144,75.875907,0
2025-12-23 23:35:22.340511,43.9,95.0,325103.049216,75.879718,0
2025-12-23 23:35:25.356507,48.4,95.3,325117.225472,75.885386,0
2025-12-23 23:35:28.371167,91.3,87.7,325129.333248,75.888243,0
2025-12-23 23:35:31.385343,43.9,81.7,325132.216832,75.891259,0
2025-12-23 23:35:34.406503,44.4,82.2,325169.133568,75.89657,0
2025-12-23 23:35:37.465925,44.6,83.7,325170.681856,75.899279,0
2025-12-23 23:35:40.488989,53.8,83.7,325172.552192,75.902372,0
2025-12-23 23:35:43.506087,42.5,83.7,325176.198656,75.905337,0
2025-12-23 23:35:46.559825,45.6,83.9,325178.398208,75.921811,0
2025-12-23 23:35:49.583930,49.4,84.2,325204.137472,75.929471,0
2025-12-23 23:35:52.610619,42.5,84.2,325213.550592,75.935204,0
2025-12-23 23:35:55.626373,38.6,84.4,325215.700992,75.94342,0
2025-12-23 23:35:58.643166,45.2,86.9,325304.956928,75.98347,0
2025-12-23 23:36:01.679965,46.9,86.8,325311.63392,75.990619,0
2025-12-23 23:36:04.703246,42.0,86.9,325317.685248,76.040622,0
2025-12-23 23:36:07.728595,29.9,87.9,325344.24832,76.043566,0
2025-12-23 23:36:10.751964,44.1,87.6,325345.04704,76.046801,0
2025-12-23 23:36:13.780206,35.5,87.8,325347.971584,76.057678,0
2025-12-23 23:36:16.798504,48.2,87.6,325352.403456,76.062429,0
2025-12-23 23:36:19.827261,32.9,87.8,325352.567296,76.065763,0
2025-12-23 23:36:22.873902,40.8,87.7,325356.026368,76.070381,0
2025-12-23 23:36:25.890037,47.9,83.5,325414.35904,76.086387,0
2025-12-23 23:36:28.905830,32.8,83.7,325433.550336,76.108173,0
2025-12-23 23:36:31.941421,40.7,83.7,325436.425216,76.12204,0
2025-12-23 23:36:34.961507,59.1,85.5,325509.932032,76.126346,0
2025-12-23 23:36:37.978338,46.6,85.3,325524.23936,76.219779,0
2025-12-23 23:36:40.990329,53.6,85.8,325530.584064,76.222528,0
2025-12-23 23:36:44.008120,70.4,86.2,325536.15872,76.225225,0
2025-12-23 23:36:47.041133,51.1,86.1,325539.48928,76.229868,0
2025-12-23 23:36:50.068308,31.3,86.2,325543.31904,76.240338,0
2025-12-23 23:36:53.084252,44.6,86.3,325544.625664,76.256981,0
2025-12-23 23:36:56.094651,55.6,86.5,325574.217728,76.264041,0
2025-12-23 23:36:59.108156,64.2,87.6,325643.959296,76.271037,0
2025-12-23 23:37:02.128245,59.4,86.7,325679.489536,76.282767,0
2025-12-23 23:37:05.181387,47.6,85.2,325683.442176,76.298653,0
2025-12-23 23:37:08.308660,45.0,85.3,325690.388992,76.312983,0
2025-12-23 23:37:11.324794,41.5,85.4,325697.154048,76.315699,0
2025-12-23 23:37:14.346740,48.3,85.5,325698.235392,76.320242,0
2025-12-23 23:37:17.369061,55.2,85.5,325699.914752,76.323323,0
2025-12-23 23:37:20.416245,59.8,85.5,325702.720512,76.33421,0
2025-12-23 23:37:23.436469,52.8,85.7,325703.6544,76.336837,0
2025-12-23 23:37:26.449426,46.3,85.6,325725.669888,76.347017,0
2025-12-23 23:37:29.467570,51.1,85.8,325729.949184,76.349833,0
2025-12-23 23:37:32.493645,59.8,85.8,325732.066816,76.35311,0
2025-12-23 23:37:35.532423,45.0,85.9,325734.450688,76.355655,0
2025-12-23 23:37:38.558243,51.7,85.9,325742.002176,76.366791,0
2025-12-23 23:37:41.572112,54.2,86.5,325749.877248,76.377844,0
2025-12-23 23:37:44.582644,36.2,87.2,325764.55424,76.389933,0
2025-12-23 23:37:47.602133,50.8,87.1,325765.442048,76.394355,0
2025-12-23 23:37:50.614132,57.5,87.1,325766.908416,76.407062,0
2025-12-23 23:37:53.641795,51.3,87.2,325780.038144,76.420473,0
2025-12-23 23:37:56.657845,59.6,87.6,325796.02176,76.425027,0
2025-12-23 23:37:59.688944,68.2,87.7,325823.743488,76.427963,0
2025-12-23 23:38:02.703489,60.4,87.6,325827.60192,76.439854,0
2025-12-23 23:38:05.717735,53.3,87.9,325828.31872,76.442777,0
2025-12-23 23:38:08.739485,55.0,87.9,325829.944832,76.454498,0
2025-12-23 23:38:11.757745,52.3,87.8,325839.079424,76.465895,0
2025-12-23 23:38:14.770536,44.4,88.0,325854.513152,76.468796,0
2025-12-23 23:38:17.784375,57.9,88.7,325903.7184,76.471426,0
2025-12-23 23:38:20.807245,58.2,87.1,326017.318912,76.482363,0
2025-12-23 23:38:23.817210,30.9,87.2,326026.283008,76.485351,0
2025-12-23 23:38:26.842462,28.5,87.2,326028.453888,76.487884,0
2025-12-23 23:38:29.868038,34.0,87.2,326031.857664,76.496032,0
2025-12-23 23:38:32.898964,21.0,87.5,326050.2912,76.506461,0
2025-12-23 23:38:35.936368,30.4,86.1,326054.985216,76.507453,0
2025-12-23 23:38:38.960574,21.4,86.1,326055.726592,76.507866,0
2025-12-23 23:38:41.983357,9.5,86.0,326056.164864,76.512248,0
2025-12-23 23:38:45.006762,34.5,85.9,326107.47392,76.512989,0
2025-12-23 23:38:48.026995,23.2,86.3,326114.187264,76.516242,0
2025-12-23 23:38:51.053543,68.4,88.3,326137.913344,76.548547,0
2025-12-23 23:38:54.076649,38.9,90.4,326299.500544,76.606686,0
2025-12-23 23:38:57.097449,60.8,92.6,326379.795456,76.709627,0
2025-12-23 23:39:00.129071,58.9,94.3,326698.81088,76.748146,0
2025-12-23 23:39:03.193641,79.9,96.0,326988.99712,76.783528,0
2025-12-23 23:39:06.227711,81.5,88.9,327036.450304,76.783837,0
2025-12-23 23:39:09.247896,70.6,82.2,327043.513856,76.792601,0
2025-12-23 23:39:12.267693,35.4,82.4,327068.073472,76.815244,0
2025-12-23 23:39:15.291884,35.9,82.6,327071.97696,76.81693,0
2025-12-23 23:39:18.310063,38.2,83.1,327088.46336,76.825488,0
2025-12-23 23:39:21.328577,34.9,81.8,327095.660032,76.827995,0
2025-12-23 23:39:24.345567,43.1,82.3,327116.384256,76.828428,0
2025-12-23 23:39:27.362414,13.1,82.9,327147.501568,76.82882,0
2025-12-23 23:39:30.386479,27.4,83.0,327151.922688,76.829401,0
2025-12-23 23:39:33.415258,27.5,84.3,327246.327296,76.829998,0
2025-12-23 23:39:36.439695,31.9,84.5,327259.665408,76.840375,0
2025-12-23 23:39:39.465007,13.6,84.7,327263.773696,76.840659,0
2025-12-23 23:39:42.490787,32.1,84.7,327268.660224,76.841918,0
2025-12-23 23:39:45.517303,39.1,85.8,327279.503872,76.85186,0
2025-12-23 23:39:48.531779,55.6,86.4,327281.819136,76.85256,0
2025-12-23 23:39:51.558801,54.9,87.4,327357.978112,76.854988,0
2025-12-23 23:39:54.576876,62.5,87.8,327361.027072,76.857091,0
2025-12-23 23:39:57.594922,86.3,88.7,327374.888448,76.865828,0
2025-12-23 23:40:00.625335,32.4,84.6,327379.354624,76.873347,0
2025-12-23 23:40:03.643881,42.1,84.7,327380.276224,76.873825,0
2025-12-23 23:40:06.678007,61.0,84.7,327384.146944,76.874048,0
2025-12-23 23:40:09.715223,53.3,84.3,327396.084224,76.874386,0
2025-12-23 23:40:12.749240,45.7,84.1,327404.68992,76.875887,0
2025-12-23 23:40:15.769374,46.1,84.4,327410.059776,76.888134,0
2025-12-23 23:40:18.807191,45.5,84.6,327419.14368,76.888456,0
2025-12-23 23:40:21.827494,34.7,84.8,327422.182912,76.891819,0
2025-12-23 23:40:24.845214,48.8,86.0,327445.97248,76.910214,0
2025-12-23 23:40:27.863038,58.8,86.9,327461.590528,76.9382,0
2025-12-23 23:40:30.880629,45.6,82.8,327468.471808,76.966779,0
2025-12-23 23:40:33.908945,30.8,83.6,327476.471296,77.027911,0
2025-12-23 23:40:36.927442,57.4,82.3,327477.733376,77.028288,0
2025-12-23 23:40:39.946773,43.9,82.2,327477.999616,77.028572,0
2025-12-23 23:40:42.963244,58.6,82.3,327482.267648,77.030105,0
2025-12-23 23:40:45.984105,37.1,82.6,327487.465472,77.039005,0
2025-12-23 23:40:49.001508,47.0,82.7,327488.841728,77.039249,0
2025-12-23 23:40:52.018686,57.0,84.7,327523.74016,77.057847,0
2025-12-23 23:40:55.032792,56.5,86.4,327613.042176,77.066276,0
2025-12-23 23:40:58.049489,57.3,86.5,327620.972544,77.071412,0
2025-12-23 23:41:01.066201,49.2,85.7,327633.408,77.078115,0
2025-12-23 23:41:04.080182,60.5,85.8,327634.967552,77.083774,0
2025-12-23 23:41:07.093826,48.5,85.9,327641.467904,77.090624,0
2025-12-23 23:41:10.106539,55.6,86.6,327647.419392,77.091639,0
2025-12-23 23:41:13.117560,44.6,86.7,327650.802688,77.119363,0
2025-12-23 23:41:16.133682,52.3,86.5,327654.796288,77.122775,0
2025-12-23 23:41:19.147721,48.9,86.5,327658.83904,77.124049,0
2025-12-23 23:41:22.162203,56.2,86.4,327659.809792,77.128064,0
2025-12-23 23:41:25.170187,49.0,86.8,327661.927424,77.129491,0
2025-12-23 23:41:28.205935,38.3,86.4,327662.496768,77.131084,0
2025-12-23 23:41:31.228001,49.4,86.4,327664.073728,77.132671,0
2025-12-23 23:41:34.264069,53.1,86.5,327668.190208,77.147956,0
2025-12-23 23:41:37.281424,39.5,87.0,327681.77408,77.160466,0
2025-12-23 23:41:40.296965,36.1,87.1,327683.47392,77.171998,0
2025-12-23 23:41:43.316331,45.9,87.3,327684.719104,77.174832,0
2025-12-23 23:41:46.333003,40.5,87.4,327686.271488,77.178013,0
2025-12-23 23:41:49.350367,43.7,87.5,327687.696896,77.181347,0
2025-12-23 23:41:52.400023,47.7,88.1,327688.630784,77.200911,0
2025-12-23 23:41:55.422897,64.6,82.7,327710.19264,77.206473,0
2025-12-23 23:41:58.445822,56.7,86.8,327813.938176,77.268495,0
2025-12-23 23:42:01.469151,99.6,87.8,327873.399296,77.336011,0
2025-12-23 23:42:04.488967,72.4,88.7,327911.983104,77.399361,0
2025-12-23 23:42:07.512103,49.4,89.0,327952.278528,77.476924,0
2025-12-23 23:42:10.532377,54.8,88.8,327953.355776,77.498529,0
2025-12-23 23:42:13.558487,58.7,88.5,327955.264512,77.501793,0
2025-12-23 23:42:16.576914,63.6,88.6,327958.26688,77.514737,0
2025-12-23 23:42:19.601124,42.5,89.0,327961.59232,77.529083,0
2025-12-23 23:42:22.618253,48.5,89.0,327964.041728,77.534016,0
2025-12-23 23:42:25.635892,54.5,88.8,327965.45792,77.538403,0
2025-12-23 23:42:28.664082,43.7,88.8,327967.785472,77.54358,0
2025-12-23 23:42:31.684541,73.3,89.1,327975.915008,77.565707,0
2025-12-23 23:42:34.705023,50.6,89.4,327980.441088,77.583353,0
2025-12-23 23:42:37.725214,56.8,89.3,327983.926784,77.591506,0
2025-12-23 23:42:40.739716,72.5,90.0,327998.095872,77.605131,0
2025-12-23 23:42:43.767503,93.0,91.4,328037.62944,77.62724,0
2025-12-23 23:42:46.945834,87.7,93.1,328137.326592,78.041691,0
2025-12-23 23:42:50.125746,69.8,91.0,328167.190528,78.12668,0
2025-12-23 23:42:53.145533,69.8,90.9,328173.735936,78.131532,0
2025-12-23 23:42:56.165860,58.9,90.9,328197.947904,78.156358,0
2025-12-23 23:42:59.183406,58.5,91.0,328205.234688,78.183356,0
2025-12-23 23:43:02.197584,90.1,91.6,328220.581888,78.200718,0
2025-12-23 23:43:05.295958,89.0,92.2,328236.208128,78.204587,0
2025-12-23 23:43:08.317120,87.5,91.0,328253.453824,78.239938,0
2025-12-23 23:43:11.332927,59.8,88.1,328274.550784,78.244137,0
2025-12-23 23:43:14.353252,62.7,87.2,328286.232576,78.248725,0
2025-12-23 23:43:17.375950,94.4,90.0,328318.332416,78.344776,0
2025-12-23 23:43:20.400660,68.3,88.8,328328.100352,78.40993,0
2025-12-23 23:43:23.417235,62.0,89.1,328331.533824,78.422333,0
2025-12-23 23:43:26.431700,64.0,88.8,328335.209984,78.440999,0
2025-12-23 23:43:29.464878,76.5,89.7,328340.74112,78.483682,0
2025-12-23 23:43:32.496320,49.2,89.4,328359.837696,78.527508,0
2025-12-23 23:43:35.514773,49.4,89.3,328361.951232,78.534975,0
2025-12-23 23:43:38.533560,50.8,89.2,328366.804992,78.560647,0
2025-12-23 23:43:41.553128,62.3,91.5,328585.63072,78.570346,0
2025-12-23 23:43:44.586122,64.1,91.6,328607.7312,78.575262,0
2025-12-23 23:43:47.607870,44.3,91.7,328609.484288,78.582015,0
2025-12-23 23:43:50.624889,57.2,92.1,328614.350336,78.607233,0
2025-12-23 23:43:53.657071,66.9,91.9,328622.401536,78.637494,0
2025-12-23 23:43:56.677683,70.0,92.3,328625.235968,78.654319,0
2025-12-23 23:43:59.696465,85.2,91.9,328627.70176,78.715151,0
2025-12-23 23:44:02.717204,56.4,92.0,328629.958656,78.71831,0
2025-12-23 23:44:05.736064,60.8,92.3,328630.675456,78.740301,0
2025-12-23 23:44:08.791328,50.2,91.4,328637.913088,78.768872,0
2025-12-23 23:44:11.811511,57.7,88.4,328642.254848,78.771884,0
2025-12-23 23:44:14.831595,52.9,88.7,328644.319232,78.792065,0
2025-12-23 23:44:17.847869,67.8,88.6,328646.756352,78.815896,0
2025-12-23 23:44:20.866042,50.6,89.4,328652.907008,78.850477,0
2025-12-23 23:44:23.883526,53.8,89.0,328653.701632,78.875488,0
2025-12-23 23:44:26.935354,88.6,89.8,328662.498304,78.892273,0
2025-12-23 23:44:29.990403,93.9,92.5,328701.93152,78.966042,0
2025-12-23 23:44:33.202745,95.5,93.6,328755.687936,78.986376,0
2025-12-23 23:44:36.299963,83.7,93.0,328794.061824,79.037332,0
2025-12-23 23:44:39.352836,89.1,89.0,328796.457984,79.041143,0
2025-12-23 23:44:42.369629,83.9,86.5,328803.847168,79.0518,0
2025-12-23 23:44:45.386457,85.0,86.8,328807.656448,79.056199,0
2025-12-23 23:44:48.401905,85.9,86.8,328837.309952,79.066974,0
2025-12-23 23:44:51.429796,67.9,87.5,328855.205376,79.081156,0
2025-12-23 23:44:54.443077,59.4,87.6,328870.878208,79.092509,0
2025-12-23 23:44:57.453088,75.7,87.3,328873.147392,79.110124,0
2025-12-23 23:45:00.465189,66.7,87.6,328914.676224,79.113538,0
2025-12-23 23:45:03.480989,61.9,88.1,328919.681536,79.13128,0
2025-12-23 23:45:06.498313,67.0,88.0,328920.791552,79.197629,0
2025-12-23 23:45:09.514329,50.6,88.0,328921.296896,79.201223,0
2025-12-23 23:45:12.534400,63.8,88.0,328930.676736,79.204893,0
2025-12-23 23:45:15.551875,51.7,88.0,328934.445056,79.224123,0
2025-12-23 23:45:18.569905,33.1,88.6,328934.981632,79.251524,0
2025-12-23 23:45:21.594716,41.5,88.8,328935.71072,79.270532,0
2025-12-23 23:45:24.627838,45.3,88.9,328936.546304,79.279634,0
2025-12-23 23:45:27.647775,52.8,88.6,328951.425536,79.282883,0
2025-12-23 23:45:30.668311,73.8,83.8,328965.110272,79.285561,0
2025-12-23 23:45:33.688647,57.5,83.0,328982.457344,79.354035,0
2025-12-23 23:45:36.709187,51.7,82.8,328985.897984,79.367927,0
2025-12-23 23:45:39.727419,52.7,83.1,328993.048576,79.418642,0
2025-12-23 23:45:42.752193,47.1,83.0,328995.777536,79.418885,0
2025-12-23 23:45:45.784501,44.3,83.3,329002.118144,79.419298,0
2025-12-23 23:45:48.809808,37.4,83.1,329016.122368,79.425307,0
2025-12-23 23:45:51.834056,39.2,83.1,329017.117696,79.42572,0
2025-12-23 23:45:54.864014,47.1,83.1,329019.026432,79.425889,0
2025-12-23 23:45:57.886446,50.0,83.3,329019.79648,79.426443,0
2025-12-23 23:46:00.908627,45.3,83.7,329023.085568,79.427029,0
2025-12-23 23:46:03.933198,35.1,83.8,329023.618048,79.427701,0
2025-12-23 23:46:06.958391,40.1,83.8,329027.750912,79.428351,0
2025-12-23 23:46:09.980970,49.2,83.8,329028.983808,79.438082,0
2025-12-23 23:46:13.010002,36.6,84.0,329029.946368,79.470111,0
2025-12-23 23:46:16.030769,67.2,84.8,329032.984064,79.535885,0
2025-12-23 23:46:19.047272,55.6,86.2,329140.85632,79.544781,0
2025-12-23 23:46:22.067395,40.1,86.5,329143.342592,79.593372,0
2025-12-23 23:46:25.086966,61.4,86.4,329146.103296,79.62136,0
2025-12-23 23:46:28.113057,40.3,86.4,329147.26656,79.636228,0
2025-12-23 23:46:31.153002,57.7,86.4,329147.75808,79.652721,0
2025-12-23 23:46:34.174790,54.9,86.8,329151.2192,79.676525,0
2025-12-23 23:46:37.194233,63.5,87.1,329157.368832,79.70531,0
2025-12-23 23:46:40.212403,39.2,87.1,329157.72928,79.706902,0
2025-12-23 23:46:43.233552,37.1,87.0,329159.539712,79.707876,0
2025-12-23 23:46:46.259999,56.8,86.4,329160.711168,79.716934,0
2025-12-23 23:46:49.335817,64.3,87.1,329161.591808,79.787308,0
2025-12-23 23:46:52.394591,63.7,87.4,329165.335552,79.836741,0
2025-12-23 23:46:55.413428,46.6,87.4,329166.814208,79.885574,0
2025-12-23 23:46:58.432788,47.0,87.4,329169.001472,79.886855,0
2025-12-23 23:47:01.463536,38.2,87.2,329170.516992,79.887489,0
2025-12-23 23:47:04.485895,48.5,86.9,329170.75456,79.888901,0
2025-12-23 23:47:07.513683,48.3,86.9,329178.161664,79.894751,0
2025-12-23 23:47:10.533974,66.2,87.3,329180.406272,79.920769,0
2025-12-23 23:47:13.554962,43.2,87.3,329180.774912,79.937748,0
2025-12-23 23:47:16.579954,38.2,87.8,329181.64736,79.979583,0
2025-12-23 23:47:19.597914,50.4,87.9,329183.719936,79.997767,0
2025-12-23 23:47:22.616883,48.1,87.6,329185.485312,80.014662,0
2025-12-23 23:47:25.648060,61.3,87.0,329185.587712,80.02163,0
2025-12-23 23:47:28.679899,40.0,86.9,329186.107904,80.023621,0
2025-12-23 23:47:31.709728,53.0,86.6,329187.369984,80.050461,0
2025-12-23 23:47:34.733591,54.7,87.2,329187.726336,80.078146,0
2025-12-23 23:47:37.756638,37.0,87.1,329188.160512,80.078696,0
2025-12-23 23:47:40.781576,49.1,87.5,329194.805248,80.079373,0
2025-12-23 23:47:43.800561,44.9,88.0,329200.924672,80.087929,0
2025-12-23 23:47:46.833380,53.0,83.5,329214.430208,80.103583,0
2025-12-23 23:47:49.857570,42.0,83.7,329223.875072,80.122091,0
2025-12-23 23:47:52.882721,37.5,83.8,329234.860544,80.156664,0
2025-12-23 23:47:55.906575,42.3,86.9,329329.170944,80.159693,0
2025-12-23 23:47:58.927252,46.4,87.0,329332.502016,80.190143,0
2025-12-23 23:48:01.953030,67.5,87.3,329335.135744,80.251489,0
2025-12-23 23:48:05.001897,49.8,87.7,329346.686464,80.252381,0
2025-12-23 23:48:08.027784,67.0,87.6,329348.681216,80.253094,0
2025-12-23 23:48:11.058188,53.0,87.5,329353.0624,80.265821,0
2025-12-23 23:48:14.075916,60.0,87.5,329353.619456,80.304255,0
2025-12-23 23:48:17.093121,44.6,87.2,329354.31168,80.346749,0
2025-12-23 23:48:20.125927,52.3,87.1,329354.622976,80.351599,0
2025-12-23 23:48:23.149074,90.0,87.9,329360.864256,80.4096,0
2025-12-23 23:48:26.167475,59.1,87.8,329368.323072,80.417928,0
2025-12-23 23:48:29.183709,33.6,87.9,329369.355264,80.418528,0
2025-12-23 23:48:32.206889,50.0,87.9,329373.369344,80.424089,0
2025-12-23 23:48:35.226278,56.9,87.4,329374.188544,80.443138,0
2025-12-23 23:48:38.248323,52.7,87.8,329375.310848,80.477275,0
2025-12-23 23:48:41.279777,30.2,88.5,329375.704064,80.507424,0
2025-12-23 23:48:44.301235,36.0,87.6,329378.071552,80.508285,0
2025-12-23 23:48:47.327775,36.6,87.2,329378.747392,80.513332,0
2025-12-23 23:48:50.349184,51.7,87.2,329398.043648,80.51382,0
2025-12-23 23:48:53.378367,88.4,87.1,329867.213312,80.612959,0
2025-12-23 23:48:56.396330,51.9,87.7,329878.743552,80.64164,0
2025-12-23 23:48:59.413811,43.5,85.9,330048.945152,80.651296,0
2025-12-23 23:49:02.433824,55.0,88.1,330264.559104,80.65434,0
2025-12-23 23:49:05.453043,66.1,88.6,330266.57024,80.658889,0
2025-12-23 23:49:08.525964,62.4,88.4,330281.864704,80.688851,0
2025-12-23 23:49:11.544275,47.5,88.4,330295.516672,80.711542,0
2025-12-23 23:49:14.574677,48.5,89.3,330298.809856,80.758597,0
2025-12-23 23:49:17.594362,84.8,90.0,330321.926656,80.875995,0
2025-12-23 23:49:20.706763,81.0,91.4,330343.82848,80.975053,0
2025-12-23 23:49:23.733897,68.7,89.6,330353.501696,81.048974,0
2025-12-23 23:49:26.752846,48.7,88.9,330356.0576,81.049545,0
2025-12-23 23:49:29.798143,52.9,88.2,330358.973952,81.072695,0
2025-12-23 23:49:32.814859,49.6,88.3,330360.33792,81.094192,0
2025-12-23 23:49:35.836212,49.8,88.6,330361.05472,81.118709,0
2025-12-23 23:49:38.856932,43.7,88.5,330367.497728,81.119708,0
2025-12-23 23:49:41.892384,36.5,88.0,330370.487808,81.128796,0
2025-12-23 23:49:44.923002,44.4,88.2,330376.30464,81.146909,0
2025-12-23 23:49:47.961409,56.8,88.2,330379.340288,81.177573,0
2025-12-23 23:49:50.978623,52.7,91.0,330636.786176,81.19716,0
2025-12-23 23:49:53.996064,58.7,87.9,330639.833088,81.197405,0
2025-12-23 23:49:57.013979,65.4,87.9,330642.946048,81.197831,0
2025-12-23 23:50:00.036495,68.6,87.9,330645.030912,81.198224,0
2025-12-23 23:50:03.067763,37.4,87.8,330650.052608,81.201361,0
2025-12-23 23:50:06.094490,72.3,88.8,330650.650624,81.211227,0
2025-12-23 23:50:09.124092,70.0,89.4,330743.715328,81.242595,0
2025-12-23 23:50:12.162410,76.9,88.0,330868.447744,81.262556,0
2025-12-23 23:50:15.269468,81.5,89.7,331353.186816,81.280944,0
2025-12-23 23:50:18.414633,100.0,94.0,332240.815616,81.326678,0
2025-12-23 23:50:21.647872,97.7,94.0,332604.34176,81.399148,0
2025-12-23 23:50:24.723004,74.4,91.8,333103.085568,81.429126,0
2025-12-23 23:50:27.735818,63.8,86.3,333203.480064,81.430688,0
2025-12-23 23:50:30.751920,34.7,83.2,333222.887936,81.431151,0
2025-12-23 23:50:33.775613,52.5,83.7,333259.598336,81.466085,0
2025-12-23 23:50:36.788635,81.7,84.7,333301.05088,81.480222,0
2025-12-23 23:50:39.823735,54.4,84.7,333321.629696,81.493863,0
2025-12-23 23:50:42.833985,52.7,85.4,333347.899392,81.511839,0
2025-12-23 23:50:45.845566,61.9,85.1,333379.053568,81.516494,0
2025-12-23 23:50:48.858882,83.9,87.2,333406.790656,81.531541,0
2025-12-23 23:50:51.874822,45.4,87.3,333416.420352,81.562007,0
2025-12-23 23:50:54.904912,42.8,87.3,333441.383424,81.566372,0
2025-12-23 23:50:57.921038,45.2,87.5,333448.81152,81.571203,0
2025-12-23 23:51:00.939736,38.5,87.8,333452.051456,81.574164,0
2025-12-23 23:51:03.955345,41.7,87.9,333456.476672,81.576874,0
2025-12-23 23:51:06.984448,65.8,88.2,333466.28352,81.582459,0
2025-12-23 23:51:10.014614,52.7,88.2,333467.422208,81.585291,0
2025-12-23 23:51:13.023628,21.8,84.6,333491.823616,81.587503,0
2025-12-23 23:51:16.046518,46.0,84.7,333493.515264,81.592485,0
2025-12-23 23:51:19.072766,29.6,84.7,333496.009728,81.595507,0
2025-12-23 23:51:22.096065,34.9,84.7,333499.524096,81.598163,0
2025-12-23 23:51:25.119573,50.0,86.0,333573.57824,81.602271,0
2025-12-23 23:51:28.143364,46.0,87.3,333581.984256,81.663736,0
2025-12-23 23:51:31.155382,43.3,87.3,333582.959104,81.667152,0
2025-12-23 23:51:34.175008,30.6,86.7,333584.036352,81.669754,0
2025-12-23 23:51:37.203611,50.8,87.3,333592.736768,81.677228,0
2025-12-23 23:51:40.212674,54.1,87.4,333621.48608,81.684032,0
2025-12-23 23:51:43.224492,47.7,86.0,333666.768384,81.700568,0
2025-12-23 23:51:46.232907,49.6,86.2,333727.936512,81.714155,0
2025-12-23 23:51:49.250991,42.2,86.6,333730.312704,81.720663,0
2025-12-23 23:51:52.332258,47.1,86.0,333732.7744,81.735285,0
2025-12-23 23:51:55.360815,45.2,86.0,333740.315136,81.738037,0
2025-12-23 23:51:58.386626,53.6,86.4,333742.633472,81.743463,0
2025-12-23 23:52:01.416678,99.0,92.4,333875.987968,81.787498,0
2025-12-23 23:52:04.834475,70.3,91.6,333939.108864,81.891656,0
2025-12-23 23:52:07.846145,47.5,91.9,333961.62048,81.913473,0
2025-12-23 23:52:10.858087,88.9,94.3,334220.140544,81.926541,0
2025-12-23 23:52:13.870136,54.5,88.6,334349.39648,81.970919,0
2025-12-23 23:52:16.899147,73.5,87.0,334380.137472,81.983775,0
2025-12-23 23:52:19.911984,40.5,85.5,334387.20768,82.053729,0
2025-12-23 23:52:22.940275,51.2,85.7,334408.556544,82.060364,0
2025-12-23 23:52:25.954173,44.0,85.9,334443.119616,82.078604,0
2025-12-23 23:52:28.961831,52.5,84.9,334450.927104,82.081865,0
2025-12-23 23:52:31.976104,60.6,87.2,334536.543744,82.086125,0
2025-12-23 23:52:35.018093,82.4,90.7,334781.920768,82.098922,0
2025-12-23 23:52:38.145779,67.9,89.7,334833.976832,82.147206,0
2025-12-23 23:52:41.159700,73.7,90.4,334926.7712,82.160395,0
2025-12-23 23:52:44.175729,77.8,92.4,335152.060928,82.197655,0
2025-12-23 23:52:47.191612,56.8,90.4,335328.378368,82.227929,0
2025-12-23 23:52:50.208544,54.6,90.2,335348.31104,82.263328,0
2025-12-23 23:52:53.225172,55.0,90.4,335358.215168,82.374957,0
2025-12-23 23:52:56.244776,61.0,91.0,335374.732288,82.388609,0
2025-12-23 23:52:59.263514,60.8,90.8,335390.084096,82.396329,0
2025-12-23 23:53:02.285342,70.2,90.7,335454.870016,82.408408,0
2025-12-23 23:53:05.297170,63.2,90.8,335460.379136,82.411286,0
2025-12-23 23:53:08.311527,84.8,93.6,335519.51616,82.4185,0
2025-12-23 23:53:11.334698,76.2,90.5,335557.004288,82.457061,0
2025-12-23 23:53:14.354703,65.0,88.2,335563.766784,82.466477,0
2025-12-23 23:53:17.372263,73.8,88.8,335594.113536,82.485358,0
2025-12-23 23:53:20.393179,64.1,88.3,335600.429568,82.494205,0
2025-12-23 23:53:23.412781,63.0,88.5,335606.143488,82.502166,0
2025-12-23 23:53:26.463991,67.6,89.0,335667.42272,82.506516,0
